num,test,mac,time
0,test,"[{'mac': 'Device 2', 'rssi': -38}]",0
1,test,"[{'mac': 'Device 2', 'rssi': -35}]",7
2,test,"[{'mac': 'Device 2', 'rssi': -43}]",12
6,test,"[{'mac': 'Device 2', 'rssi': -11}]",54
8,test,"[{'mac': 'Device 2', 'rssi': -11}]",106
10,test,"[{'mac': 'Device 2', 'rssi': -11}]",163
11,test,"[{'mac': 'Device 1', 'rssi': -33}, {'mac': 'Device 2', 'rssi': -51}]",228
12,test,"[{'mac': 'Device 2', 'rssi': -41}]",233
13,test,"[{'mac': 'Device 2', 'rssi': -41}]",239
14,test,"[{'mac': 'Device 1', 'rssi': -45}, {'mac': 'Device 2', 'rssi': -39}]",245
16,test,"[{'mac': 'Device 1', 'rssi': -39}, {'mac': 'Device 2', 'rssi': -33}]",275
19,test,"[{'mac': 'Device 1', 'rssi': -33}]",294
21,test,"[{'mac': 'Device 1', 'rssi': -23}]",305
22,test,"[{'mac': 'Device 1', 'rssi': -13}]",312
24,test,"[{'mac': 'Device 2', 'rssi': -25}, {'mac': 'Device 1', 'rssi': -13}]",324
25,test,"[{'mac': 'Device 2', 'rssi': -25}]",329
26,test,"[{'mac': 'Device 2', 'rssi': -25}, {'mac': 'Device 1', 'rssi': -15}]",335
28,test,"[{'mac': 'Device 1', 'rssi': -65}]",347
29,test,"[{'mac': 'Device 1', 'rssi': -13}]",352
31,test,"[{'mac': 'Device 1', 'rssi': -15}]",364
32,test,"[{'mac': 'Device 2', 'rssi': -25}]",370
33,test,"[{'mac': 'Device 1', 'rssi': -18}, {'mac': 'Device 2', 'rssi': -25}]",376
35,test,"[{'mac': 'Device 2', 'rssi': -25}]",388
38,test,"[{'mac': 'Device 2', 'rssi': -25}]",406
43,test,"[{'mac': 'Device 2', 'rssi': -25}, {'mac': 'Device 1', 'rssi': -13}]",436
45,test,"[{'mac': 'Device 1', 'rssi': -13}]",448
46,test,"[{'mac': 'Device 2', 'rssi': -25}]",454
47,test,"[{'mac': 'Device 1', 'rssi': -19}, {'mac': 'Device 2', 'rssi': -25}]",460
48,test,"[{'mac': 'Device 2', 'rssi': -25}, {'mac': 'Device 1', 'rssi': -15}]",465
49,test,"[{'mac': 'Device 2', 'rssi': -25}]",471
51,test,"[{'mac': 'Device 1', 'rssi': -15}]",483
53,test,"[{'mac': 'Device 2', 'rssi': -23}]",494
55,test,"[{'mac': 'Device 1', 'rssi': -13}, {'mac': 'Device 2', 'rssi': -25}]",506
57,test,"[{'mac': 'Device 1', 'rssi': -15}, {'mac': 'Device 2', 'rssi': -25}]",517
58,test,"[{'mac': 'Device 2', 'rssi': -25}, {'mac': 'Device 1', 'rssi': -19}]",523
61,test,"[{'mac': 'Device 2', 'rssi': -25}]",547
64,test,"[{'mac': 'Device 2', 'rssi': -25}]",564
67,test,"[{'mac': 'Device 2', 'rssi': -24}]",586
68,test,"[{'mac': 'Device 2', 'rssi': -25}]",592
69,test,"[{'mac': 'Device 2', 'rssi': -23}]",598
70,test,"[{'mac': 'Device 2', 'rssi': -24}]",604
72,test,"[{'mac': 'Device 2', 'rssi': -25}]",616
74,test,"[{'mac': 'Device 1', 'rssi': -15}, {'mac': 'Device 2', 'rssi': -25}]",628
75,test,"[{'mac': 'Device 2', 'rssi': -25}, {'mac': 'Device 1', 'rssi': -13}]",633
77,test,"[{'mac': 'Device 2', 'rssi': -25}]",645
79,test,"[{'mac': 'Device 2', 'rssi': -25}]",657
84,test,"[{'mac': 'Device 2', 'rssi': -25}]",695
88,test,"[{'mac': 'Device 2', 'rssi': -24}]",719
89,test,"[{'mac': 'Device 1', 'rssi': -18}, {'mac': 'Device 2', 'rssi': -25}]",724
91,test,"[{'mac': 'Device 2', 'rssi': -25}]",736
93,test,"[{'mac': 'Device 2', 'rssi': -25}]",748
94,test,"[{'mac': 'Device 2', 'rssi': -25}]",754
96,test,"[{'mac': 'Device 2', 'rssi': -25}]",766
98,test,"[{'mac': 'Device 1', 'rssi': -17}, {'mac': 'Device 2', 'rssi': -25}]",779
101,test,"[{'mac': 'Device 2', 'rssi': -25}]",798
102,test,"[{'mac': 'Device 2', 'rssi': -25}]",804
106,test,"[{'mac': 'Device 1', 'rssi': -15}, {'mac': 'Device 2', 'rssi': -25}]",827
109,test,"[{'mac': 'Device 1', 'rssi': -17}, {'mac': 'Device 2', 'rssi': -25}]",845
111,test,"[{'mac': 'Device 1', 'rssi': -15}, {'mac': 'Device 2', 'rssi': -24}]",856
112,test,"[{'mac': 'Device 2', 'rssi': -25}]",862
114,test,"[{'mac': 'Device 1', 'rssi': -14}]",875
116,test,"[{'mac': 'Device 2', 'rssi': -25}, {'mac': 'Device 1', 'rssi': -15}]",887
117,test,"[{'mac': 'Device 1', 'rssi': -14}]",892
120,test,"[{'mac': 'Device 2', 'rssi': -25}]",910
123,test,"[{'mac': 'Device 1', 'rssi': -15}]",927
124,test,"[{'mac': 'Device 2', 'rssi': -25}, {'mac': 'Device 1', 'rssi': -17}]",938
125,test,"[{'mac': 'Device 2', 'rssi': -25}]",946
127,test,"[{'mac': 'Device 2', 'rssi': -25}]",958
128,test,"[{'mac': 'Device 2', 'rssi': -25}, {'mac': 'Device 1', 'rssi': -17}]",965
130,test,"[{'mac': 'Device 2', 'rssi': -23}, {'mac': 'Device 1', 'rssi': -15}]",977
132,test,"[{'mac': 'Device 2', 'rssi': -25}]",988
135,test,"[{'mac': 'Device 1', 'rssi': -15}]",1005
137,test,"[{'mac': 'Device 2', 'rssi': -25}]",1017
142,test,"[{'mac': 'Device 1', 'rssi': -37}]",2310
148,test,"[{'mac': 'Device 1', 'rssi': -39}]",2337
152,test,"[{'mac': 'Device 1', 'rssi': -36}]",2362
153,test,"[{'mac': 'Device 2', 'rssi': -47}]",2367
154,test,"[{'mac': 'Device 1', 'rssi': -35}]",2371
155,test,"[{'mac': 'Device 2', 'rssi': -35}]",2373
526,test_test,"[{'mac': 'Device 1', 'rssi': -43}]",3
527,test_test,"[{'mac': 'Device 2', 'rssi': -39}]",5
530,test_test,"[{'mac': 'Device 2', 'rssi': -51}]",12
532,test_test,"[{'mac': 'Device 1', 'rssi': -43}, {'mac': 'Device 2', 'rssi': -43}]",23
533,test_test,"[{'mac': 'Device 2', 'rssi': -47}]",25
534,test_test,"[{'mac': 'Device 2', 'rssi': -45}]",27
536,test_test,"[{'mac': 'Device 1', 'rssi': -31}]",30
539,test_test,"[{'mac': 'Device 2', 'rssi': -43}]",39
540,test_test,"[{'mac': 'Device 2', 'rssi': -39}]",42
541,test_test,"[{'mac': 'Device 2', 'rssi': -47}]",45
544,test_test,"[{'mac': 'Device 2', 'rssi': -41}]",61
545,test_test,"[{'mac': 'Device 2', 'rssi': -55}]",63
546,test_test,"[{'mac': 'Device 2', 'rssi': -41}]",64
548,test_test,"[{'mac': 'Device 2', 'rssi': -43}]",74
549,test_test,"[{'mac': 'Device 2', 'rssi': -49}]",75
550,test_test,"[{'mac': 'Device 2', 'rssi': -39}]",77
551,test_test,"[{'mac': 'Device 1', 'rssi': -35}]",80
552,test_test,"[{'mac': 'Device 2', 'rssi': -37}]",81
553,test_test,"[{'mac': 'Device 2', 'rssi': -39}]",86
555,test_test,"[{'mac': 'Device 1', 'rssi': -55}]",91
558,test_test,"[{'mac': 'Device 2', 'rssi': -36}]",105
559,test_test,"[{'mac': 'Device 2', 'rssi': -35}, {'mac': 'Device 1', 'rssi': -35}]",107
560,test_test,"[{'mac': 'Device 1', 'rssi': -37}]",111
563,test_test,"[{'mac': 'Device 2', 'rssi': -35}]",118
565,test_test,"[{'mac': 'Device 2', 'rssi': -33}]",125
566,test_test,"[{'mac': 'Device 1', 'rssi': -41}]",126
567,test_test,"[{'mac': 'Device 2', 'rssi': -39}]",128
568,test_test,"[{'mac': 'Device 2', 'rssi': -37}]",131
570,test_test,"[{'mac': 'Device 2', 'rssi': -39}]",134
571,test_test,"[{'mac': 'Device 2', 'rssi': -36}]",135
573,test_test,"[{'mac': 'Device 2', 'rssi': -41}]",144
574,test_test,"[{'mac': 'Device 2', 'rssi': -37}]",147
575,test_test,"[{'mac': 'Device 1', 'rssi': -31}]",149
703,walk 30m 1m/s devices 0m try1,"[{'mac': 'Device 1', 'rssi': -37}]",0
705,walk 30m 1m/s devices 0m try1,"[{'mac': 'Device 1', 'rssi': -49}]",6
706,walk 30m 1m/s devices 0m try1,"[{'mac': 'Device 2', 'rssi': -51}]",8
708,walk 30m 1m/s devices 0m try1,"[{'mac': 'Device 1', 'rssi': -54}, {'mac': 'Device 2', 'rssi': -44}]",16
709,walk 30m 1m/s devices 0m try1,"[{'mac': 'Device 1', 'rssi': -57}, {'mac': 'Device 2', 'rssi': -53}]",18
710,walk 30m 1m/s devices 0m try1,"[{'mac': 'Device 2', 'rssi': -56}, {'mac': 'Device 1', 'rssi': -59}]",21
711,walk 30m 1m/s devices 0m try1,"[{'mac': 'Device 2', 'rssi': -52}, {'mac': 'Device 1', 'rssi': -57}]",24
712,walk 30m 1m/s devices 0m try1,"[{'mac': 'Device 2', 'rssi': -51}]",26
713,walk 30m 1m/s devices 0m try1,"[{'mac': 'Device 1', 'rssi': -57}]",32
714,walk 30m 1m/s devices 0m try10,"[{'mac': 'Device 2', 'rssi': -47}, {'mac': 'Device 1', 'rssi': -43}]",0
716,walk 30m 1m/s devices 0m try10,"[{'mac': 'Device 2', 'rssi': -47}, {'mac': 'Device 1', 'rssi': -63}]",6
717,walk 30m 1m/s devices 0m try10,"[{'mac': 'Device 1', 'rssi': -65}]",9
718,walk 30m 1m/s devices 0m try10,"[{'mac': 'Device 1', 'rssi': -65}]",10
719,walk 30m 1m/s devices 0m try10,"[{'mac': 'Device 2', 'rssi': -51}, {'mac': 'Device 1', 'rssi': -63}]",12
720,walk 30m 1m/s devices 0m try10,"[{'mac': 'Device 1', 'rssi': -57}]",13
721,walk 30m 1m/s devices 0m try10,"[{'mac': 'Device 1', 'rssi': -79}, {'mac': 'Device 2', 'rssi': -49}]",15
722,walk 30m 1m/s devices 0m try10,"[{'mac': 'Device 2', 'rssi': -49}]",17
723,walk 30m 1m/s devices 0m try10,"[{'mac': 'Device 2', 'rssi': -52}]",18
724,walk 30m 1m/s devices 0m try10,"[{'mac': 'Device 2', 'rssi': -59}]",20
725,walk 30m 1m/s devices 0m try10,"[{'mac': 'Device 1', 'rssi': -63}]",21
726,walk 30m 1m/s devices 0m try10,"[{'mac': 'Device 1', 'rssi': -65}]",24
727,walk 30m 1m/s devices 0m try10,"[{'mac': 'Device 2', 'rssi': -41}]",26
728,walk 30m 1m/s devices 0m try10,"[{'mac': 'Device 2', 'rssi': -59}, {'mac': 'Device 1', 'rssi': -65}]",27
729,walk 30m 1m/s devices 0m try10,"[{'mac': 'Device 1', 'rssi': -65}]",29
730,walk 30m 1m/s devices 0m try10,"[{'mac': 'Device 1', 'rssi': -69}]",31
731,walk 30m 1m/s devices 0m try2,"[{'mac': 'Device 1', 'rssi': -29}]",0
732,walk 30m 1m/s devices 0m try2,"[{'mac': 'Device 1', 'rssi': -67}]",11
733,walk 30m 1m/s devices 0m try2,"[{'mac': 'Device 1', 'rssi': -60}, {'mac': 'Device 2', 'rssi': -55}]",13
734,walk 30m 1m/s devices 0m try2,"[{'mac': 'Device 1', 'rssi': -61}, {'mac': 'Device 2', 'rssi': -53}]",15
736,walk 30m 1m/s devices 0m try2,"[{'mac': 'Device 2', 'rssi': -55}, {'mac': 'Device 1', 'rssi': -81}]",18
737,walk 30m 1m/s devices 0m try2,"[{'mac': 'Device 1', 'rssi': -65}]",19
738,walk 30m 1m/s devices 0m try2,"[{'mac': 'Device 2', 'rssi': -63}]",21
739,walk 30m 1m/s devices 0m try2,"[{'mac': 'Device 2', 'rssi': -57}]",24
740,walk 30m 1m/s devices 0m try2,"[{'mac': 'Device 1', 'rssi': -64}]",26
741,walk 30m 1m/s devices 0m try2,"[{'mac': 'Device 1', 'rssi': -59}, {'mac': 'Device 2', 'rssi': -45}]",31
743,walk 30m 1m/s devices 0m try3,"[{'mac': 'Device 1', 'rssi': -33}]",0
744,walk 30m 1m/s devices 0m try3,"[{'mac': 'Device 1', 'rssi': -43}]",2
745,walk 30m 1m/s devices 0m try3,"[{'mac': 'Device 1', 'rssi': -53}]",5
746,walk 30m 1m/s devices 0m try3,"[{'mac': 'Device 1', 'rssi': -57}]",8
747,walk 30m 1m/s devices 0m try3,"[{'mac': 'Device 1', 'rssi': -61}]",10
748,walk 30m 1m/s devices 0m try3,"[{'mac': 'Device 1', 'rssi': -60}, {'mac': 'Device 2', 'rssi': -59}]",13
749,walk 30m 1m/s devices 0m try3,"[{'mac': 'Device 1', 'rssi': -57}, {'mac': 'Device 2', 'rssi': -54}]",15
750,walk 30m 1m/s devices 0m try3,"[{'mac': 'Device 2', 'rssi': -53}]",16
751,walk 30m 1m/s devices 0m try3,"[{'mac': 'Device 2', 'rssi': -59}, {'mac': 'Device 1', 'rssi': -59}]",18
752,walk 30m 1m/s devices 0m try3,"[{'mac': 'Device 2', 'rssi': -59}, {'mac': 'Device 1', 'rssi': -55}]",20
753,walk 30m 1m/s devices 0m try3,"[{'mac': 'Device 2', 'rssi': -55}, {'mac': 'Device 1', 'rssi': -59}]",22
754,walk 30m 1m/s devices 0m try3,"[{'mac': 'Device 2', 'rssi': -61}, {'mac': 'Device 1', 'rssi': -57}]",24
755,walk 30m 1m/s devices 0m try3,"[{'mac': 'Device 1', 'rssi': -61}]",25
756,walk 30m 1m/s devices 0m try3,"[{'mac': 'Device 1', 'rssi': -59}]",27
757,walk 30m 1m/s devices 0m try4,"[{'mac': 'Device 1', 'rssi': -49}]",0
758,walk 30m 1m/s devices 0m try4,"[{'mac': 'Device 1', 'rssi': -59}]",18
759,walk 30m 1m/s devices 0m try4,"[{'mac': 'Device 2', 'rssi': -50}, {'mac': 'Device 1', 'rssi': -58}]",20
760,walk 30m 1m/s devices 0m try4,"[{'mac': 'Device 2', 'rssi': -61}, {'mac': 'Device 1', 'rssi': -61}]",21
761,walk 30m 1m/s devices 0m try4,"[{'mac': 'Device 1', 'rssi': -58}, {'mac': 'Device 2', 'rssi': -56}]",22
762,walk 30m 1m/s devices 0m try4,"[{'mac': 'Device 1', 'rssi': -61}, {'mac': 'Device 2', 'rssi': -54}]",24
763,walk 30m 1m/s devices 0m try4,"[{'mac': 'Device 2', 'rssi': -57}]",27
764,walk 30m 1m/s devices 0m try4,"[{'mac': 'Device 2', 'rssi': -61}]",28
765,walk 30m 1m/s devices 0m try4,"[{'mac': 'Device 1', 'rssi': -57}]",30
767,walk 30m 1m/s devices 0m try4,"[{'mac': 'Device 1', 'rssi': -57}]",36
768,walk 30m 1m/s devices 0m try5,"[{'mac': 'Device 2', 'rssi': -41}]",0
769,walk 30m 1m/s devices 0m try5,"[{'mac': 'Device 1', 'rssi': -59}]",6
770,walk 30m 1m/s devices 0m try5,"[{'mac': 'Device 1', 'rssi': -65}]",8
773,walk 30m 1m/s devices 0m try5,"[{'mac': 'Device 2', 'rssi': -61}]",12
774,walk 30m 1m/s devices 0m try5,"[{'mac': 'Device 2', 'rssi': -51}]",13
775,walk 30m 1m/s devices 0m try5,"[{'mac': 'Device 2', 'rssi': -51}]",15
776,walk 30m 1m/s devices 0m try5,"[{'mac': 'Device 1', 'rssi': -37}]",16
777,walk 30m 1m/s devices 0m try5,"[{'mac': 'Device 2', 'rssi': -67}, {'mac': 'Device 1', 'rssi': -64}]",19
778,walk 30m 1m/s devices 0m try5,"[{'mac': 'Device 2', 'rssi': -59}]",21
779,walk 30m 1m/s devices 0m try5,"[{'mac': 'Device 2', 'rssi': -61}]",22
780,walk 30m 1m/s devices 0m try5,"[{'mac': 'Device 1', 'rssi': -63}]",25
782,walk 30m 1m/s devices 0m try5,"[{'mac': 'Device 1', 'rssi': -61}]",30
783,walk 30m 1m/s devices 0m try5,"[{'mac': 'Device 2', 'rssi': -53}]",32
784,walk 30m 1m/s devices 0m try6,"[{'mac': 'Device 1', 'rssi': -47}, {'mac': 'Device 2', 'rssi': -57}]",0
786,walk 30m 1m/s devices 0m try6,"[{'mac': 'Device 1', 'rssi': -57}]",5
787,walk 30m 1m/s devices 0m try6,"[{'mac': 'Device 2', 'rssi': -50}, {'mac': 'Device 1', 'rssi': -57}]",12
788,walk 30m 1m/s devices 0m try6,"[{'mac': 'Device 2', 'rssi': -51}, {'mac': 'Device 1', 'rssi': -57}]",14
789,walk 30m 1m/s devices 0m try6,"[{'mac': 'Device 2', 'rssi': -49}]",17
790,walk 30m 1m/s devices 0m try6,"[{'mac': 'Device 1', 'rssi': -61}, {'mac': 'Device 2', 'rssi': -51}]",18
791,walk 30m 1m/s devices 0m try6,"[{'mac': 'Device 1', 'rssi': -59}]",22
792,walk 30m 1m/s devices 0m try6,"[{'mac': 'Device 1', 'rssi': -59}, {'mac': 'Device 2', 'rssi': -37}]",30
793,walk 30m 1m/s devices 0m try7,"[{'mac': 'Device 2', 'rssi': -45}, {'mac': 'Device 1', 'rssi': -45}]",0
794,walk 30m 1m/s devices 0m try7,"[{'mac': 'Device 2', 'rssi': -51}]",18
795,walk 30m 1m/s devices 0m try7,"[{'mac': 'Device 1', 'rssi': -59}, {'mac': 'Device 2', 'rssi': -53}]",21
796,walk 30m 1m/s devices 0m try7,"[{'mac': 'Device 1', 'rssi': -55}]",23
798,walk 30m 1m/s devices 0m try7,"[{'mac': 'Device 1', 'rssi': -58}]",30
799,walk 30m 1m/s devices 0m try8,"[{'mac': 'Device 2', 'rssi': -60}, {'mac': 'Device 1', 'rssi': -33}]",0
800,walk 30m 1m/s devices 0m try8,"[{'mac': 'Device 1', 'rssi': -59}]",8
801,walk 30m 1m/s devices 0m try8,"[{'mac': 'Device 2', 'rssi': -45}, {'mac': 'Device 1', 'rssi': -59}]",9
802,walk 30m 1m/s devices 0m try8,"[{'mac': 'Device 1', 'rssi': -57}]",11
803,walk 30m 1m/s devices 0m try8,"[{'mac': 'Device 2', 'rssi': -50}, {'mac': 'Device 1', 'rssi': -59}]",14
804,walk 30m 1m/s devices 0m try8,"[{'mac': 'Device 2', 'rssi': -47}]",15
805,walk 30m 1m/s devices 0m try8,"[{'mac': 'Device 2', 'rssi': -43}]",19
806,walk 30m 1m/s devices 0m try8,"[{'mac': 'Device 2', 'rssi': -49}, {'mac': 'Device 1', 'rssi': -55}]",20
807,walk 30m 1m/s devices 0m try8,"[{'mac': 'Device 1', 'rssi': -48}, {'mac': 'Device 2', 'rssi': -51}]",23
808,walk 30m 1m/s devices 0m try8,"[{'mac': 'Device 2', 'rssi': -39}]",29
809,walk 30m 1m/s devices 0m try8,"[{'mac': 'Device 1', 'rssi': -57}]",31
810,walk 30m 1m/s devices 0m try9,"[{'mac': 'Device 2', 'rssi': -45}]",0
811,walk 30m 1m/s devices 0m try9,"[{'mac': 'Device 2', 'rssi': -51}]",2
812,walk 30m 1m/s devices 0m try9,"[{'mac': 'Device 1', 'rssi': -61}]",5
813,walk 30m 1m/s devices 0m try9,"[{'mac': 'Device 1', 'rssi': -61}]",6
814,walk 30m 1m/s devices 0m try9,"[{'mac': 'Device 1', 'rssi': -63}, {'mac': 'Device 2', 'rssi': -55}]",7
815,walk 30m 1m/s devices 0m try9,"[{'mac': 'Device 1', 'rssi': -62}]",9
816,walk 30m 1m/s devices 0m try9,"[{'mac': 'Device 1', 'rssi': -61}]",10
817,walk 30m 1m/s devices 0m try9,"[{'mac': 'Device 1', 'rssi': -65}, {'mac': 'Device 2', 'rssi': -57}]",12
818,walk 30m 1m/s devices 0m try9,"[{'mac': 'Device 1', 'rssi': -58}]",13
819,walk 30m 1m/s devices 0m try9,"[{'mac': 'Device 1', 'rssi': -35}, {'mac': 'Device 2', 'rssi': -61}]",15
820,walk 30m 1m/s devices 0m try9,"[{'mac': 'Device 2', 'rssi': -53}]",18
821,walk 30m 1m/s devices 0m try9,"[{'mac': 'Device 1', 'rssi': -65}, {'mac': 'Device 2', 'rssi': -57}]",19
822,walk 30m 1m/s devices 0m try9,"[{'mac': 'Device 1', 'rssi': -63}]",21
823,walk 30m 1m/s devices 0m try9,"[{'mac': 'Device 2', 'rssi': -61}, {'mac': 'Device 1', 'rssi': -63}]",23
824,walk 30m 1m/s devices 0m try9,"[{'mac': 'Device 1', 'rssi': -63}]",25
825,walk 30m 1m/s devices 0m try9,"[{'mac': 'Device 1', 'rssi': -61}]",26
826,walk 30m 1m/s devices 0m try9,"[{'mac': 'Device 1', 'rssi': -59}, {'mac': 'Device 2', 'rssi': -61}]",30
577,walk 30m 1m/s devices 1.5m try1,"[{'mac': 'Device 2', 'rssi': -47}]",4
578,walk 30m 1m/s devices 1.5m try1,"[{'mac': 'Device 1', 'rssi': -57}]",5
579,walk 30m 1m/s devices 1.5m try1,"[{'mac': 'Device 1', 'rssi': -61}]",7
580,walk 30m 1m/s devices 1.5m try1,"[{'mac': 'Device 2', 'rssi': -61}]",8
581,walk 30m 1m/s devices 1.5m try1,"[{'mac': 'Device 1', 'rssi': -57}]",10
582,walk 30m 1m/s devices 1.5m try1,"[{'mac': 'Device 2', 'rssi': -61}]",11
583,walk 30m 1m/s devices 1.5m try1,"[{'mac': 'Device 2', 'rssi': -59}]",13
584,walk 30m 1m/s devices 1.5m try1,"[{'mac': 'Device 1', 'rssi': -71}]",16
585,walk 30m 1m/s devices 1.5m try1,"[{'mac': 'Device 2', 'rssi': -63}, {'mac': 'Device 1', 'rssi': -63}]",17
586,walk 30m 1m/s devices 1.5m try1,"[{'mac': 'Device 1', 'rssi': -61}, {'mac': 'Device 2', 'rssi': -57}]",19
587,walk 30m 1m/s devices 1.5m try1,"[{'mac': 'Device 2', 'rssi': -51}, {'mac': 'Device 1', 'rssi': -59}]",22
588,walk 30m 1m/s devices 1.5m try1,"[{'mac': 'Device 2', 'rssi': -61}]",27
589,walk 30m 1m/s devices 1.5m try1,"[{'mac': 'Device 2', 'rssi': -65}]",32
590,walk 30m 1m/s devices 1.5m try1,"[{'mac': 'Device 2', 'rssi': -63}]",34
591,walk 30m 1m/s devices 1.5m try10,"[{'mac': 'Device 1', 'rssi': -31}]",0
592,walk 30m 1m/s devices 1.5m try10,"[{'mac': 'Device 2', 'rssi': -55}, {'mac': 'Device 1', 'rssi': -35}]",5
593,walk 30m 1m/s devices 1.5m try10,"[{'mac': 'Device 1', 'rssi': -62}, {'mac': 'Device 2', 'rssi': -60}]",8
594,walk 30m 1m/s devices 1.5m try10,"[{'mac': 'Device 2', 'rssi': -61}]",9
595,walk 30m 1m/s devices 1.5m try10,"[{'mac': 'Device 1', 'rssi': -61}]",12
596,walk 30m 1m/s devices 1.5m try10,"[{'mac': 'Device 1', 'rssi': -55}]",16
597,walk 30m 1m/s devices 1.5m try10,"[{'mac': 'Device 2', 'rssi': -67}]",20
598,walk 30m 1m/s devices 1.5m try10,"[{'mac': 'Device 1', 'rssi': -63}]",22
599,walk 30m 1m/s devices 1.5m try10,"[{'mac': 'Device 1', 'rssi': -59}, {'mac': 'Device 2', 'rssi': -57}]",25
600,walk 30m 1m/s devices 1.5m try10,"[{'mac': 'Device 1', 'rssi': -59}, {'mac': 'Device 2', 'rssi': -61}]",26
601,walk 30m 1m/s devices 1.5m try10,"[{'mac': 'Device 2', 'rssi': -57}]",28
602,walk 30m 1m/s devices 1.5m try2,"[{'mac': 'Device 2', 'rssi': -39}]",0
603,walk 30m 1m/s devices 1.5m try2,"[{'mac': 'Device 2', 'rssi': -47}]",2
604,walk 30m 1m/s devices 1.5m try2,"[{'mac': 'Device 2', 'rssi': -65}]",4
605,walk 30m 1m/s devices 1.5m try2,"[{'mac': 'Device 1', 'rssi': -55}]",6
606,walk 30m 1m/s devices 1.5m try2,"[{'mac': 'Device 1', 'rssi': -55}, {'mac': 'Device 2', 'rssi': -63}]",8
607,walk 30m 1m/s devices 1.5m try2,"[{'mac': 'Device 1', 'rssi': -61}]",9
608,walk 30m 1m/s devices 1.5m try2,"[{'mac': 'Device 2', 'rssi': -63}]",12
609,walk 30m 1m/s devices 1.5m try2,"[{'mac': 'Device 2', 'rssi': -41}]",14
610,walk 30m 1m/s devices 1.5m try2,"[{'mac': 'Device 1', 'rssi': -61}]",17
611,walk 30m 1m/s devices 1.5m try2,"[{'mac': 'Device 1', 'rssi': -59}]",18
613,walk 30m 1m/s devices 1.5m try2,"[{'mac': 'Device 1', 'rssi': -59}]",26
614,walk 30m 1m/s devices 1.5m try2,"[{'mac': 'Device 1', 'rssi': -61}]",27
616,walk 30m 1m/s devices 1.5m try3,"[{'mac': 'Device 1', 'rssi': -31}]",0
617,walk 30m 1m/s devices 1.5m try3,"[{'mac': 'Device 2', 'rssi': -51}]",3
618,walk 30m 1m/s devices 1.5m try3,"[{'mac': 'Device 2', 'rssi': -58}]",5
619,walk 30m 1m/s devices 1.5m try3,"[{'mac': 'Device 2', 'rssi': -55}, {'mac': 'Device 1', 'rssi': -53}]",6
620,walk 30m 1m/s devices 1.5m try3,"[{'mac': 'Device 1', 'rssi': -51}]",7
621,walk 30m 1m/s devices 1.5m try3,"[{'mac': 'Device 2', 'rssi': -61}]",9
622,walk 30m 1m/s devices 1.5m try3,"[{'mac': 'Device 2', 'rssi': -69}]",12
623,walk 30m 1m/s devices 1.5m try3,"[{'mac': 'Device 2', 'rssi': -51}]",14
624,walk 30m 1m/s devices 1.5m try3,"[{'mac': 'Device 2', 'rssi': -63}, {'mac': 'Device 1', 'rssi': -63}]",15
625,walk 30m 1m/s devices 1.5m try3,"[{'mac': 'Device 1', 'rssi': -61}]",17
626,walk 30m 1m/s devices 1.5m try3,"[{'mac': 'Device 1', 'rssi': -61}]",18
627,walk 30m 1m/s devices 1.5m try3,"[{'mac': 'Device 1', 'rssi': -65}]",21
629,walk 30m 1m/s devices 1.5m try4,"[{'mac': 'Device 2', 'rssi': -49}]",0
630,walk 30m 1m/s devices 1.5m try4,"[{'mac': 'Device 2', 'rssi': -59}]",5
632,walk 30m 1m/s devices 1.5m try4,"[{'mac': 'Device 2', 'rssi': -65}]",17
633,walk 30m 1m/s devices 1.5m try4,"[{'mac': 'Device 2', 'rssi': -67}]",22
635,walk 30m 1m/s devices 1.5m try5,"[{'mac': 'Device 1', 'rssi': -31}]",0
636,walk 30m 1m/s devices 1.5m try5,"[{'mac': 'Device 2', 'rssi': -53}, {'mac': 'Device 1', 'rssi': -41}]",1
637,walk 30m 1m/s devices 1.5m try5,"[{'mac': 'Device 2', 'rssi': -48}, {'mac': 'Device 1', 'rssi': -43}]",3
638,walk 30m 1m/s devices 1.5m try5,"[{'mac': 'Device 1', 'rssi': -43}]",4
640,walk 30m 1m/s devices 1.5m try5,"[{'mac': 'Device 1', 'rssi': -48}, {'mac': 'Device 2', 'rssi': -59}]",9
641,walk 30m 1m/s devices 1.5m try5,"[{'mac': 'Device 2', 'rssi': -50}, {'mac': 'Device 1', 'rssi': -55}]",11
642,walk 30m 1m/s devices 1.5m try5,"[{'mac': 'Device 1', 'rssi': -53}]",12
643,walk 30m 1m/s devices 1.5m try5,"[{'mac': 'Device 1', 'rssi': -51}]",14
644,walk 30m 1m/s devices 1.5m try5,"[{'mac': 'Device 1', 'rssi': -55}]",15
646,walk 30m 1m/s devices 1.5m try5,"[{'mac': 'Device 2', 'rssi': -35}]",21
647,walk 30m 1m/s devices 1.5m try5,"[{'mac': 'Device 1', 'rssi': -57}, {'mac': 'Device 2', 'rssi': -47}]",22
648,walk 30m 1m/s devices 1.5m try5,"[{'mac': 'Device 2', 'rssi': -60}, {'mac': 'Device 1', 'rssi': -55}]",25
649,walk 30m 1m/s devices 1.5m try5,"[{'mac': 'Device 2', 'rssi': -57}]",27
650,walk 30m 1m/s devices 1.5m try6,"[{'mac': 'Device 1', 'rssi': -31}]",0
651,walk 30m 1m/s devices 1.5m try6,"[{'mac': 'Device 1', 'rssi': -51}]",3
652,walk 30m 1m/s devices 1.5m try6,"[{'mac': 'Device 1', 'rssi': -45}, {'mac': 'Device 2', 'rssi': -52}]",5
653,walk 30m 1m/s devices 1.5m try6,"[{'mac': 'Device 1', 'rssi': -59}]",10
654,walk 30m 1m/s devices 1.5m try6,"[{'mac': 'Device 1', 'rssi': -55}, {'mac': 'Device 2', 'rssi': -63}]",12
655,walk 30m 1m/s devices 1.5m try6,"[{'mac': 'Device 1', 'rssi': -57}, {'mac': 'Device 2', 'rssi': -63}]",13
656,walk 30m 1m/s devices 1.5m try6,"[{'mac': 'Device 1', 'rssi': -60}]",16
657,walk 30m 1m/s devices 1.5m try6,"[{'mac': 'Device 1', 'rssi': -61}, {'mac': 'Device 2', 'rssi': -65}]",17
659,walk 30m 1m/s devices 1.5m try6,"[{'mac': 'Device 1', 'rssi': -41}, {'mac': 'Device 2', 'rssi': -73}]",25
661,walk 30m 1m/s devices 1.5m try7,"[{'mac': 'Device 1', 'rssi': -53}]",0
662,walk 30m 1m/s devices 1.5m try7,"[{'mac': 'Device 1', 'rssi': -35}]",5
663,walk 30m 1m/s devices 1.5m try7,"[{'mac': 'Device 2', 'rssi': -49}]",6
664,walk 30m 1m/s devices 1.5m try7,"[{'mac': 'Device 2', 'rssi': -61}]",7
665,walk 30m 1m/s devices 1.5m try7,"[{'mac': 'Device 2', 'rssi': -57}]",9
666,walk 30m 1m/s devices 1.5m try7,"[{'mac': 'Device 2', 'rssi': -59}]",10
667,walk 30m 1m/s devices 1.5m try7,"[{'mac': 'Device 1', 'rssi': -45}]",12
668,walk 30m 1m/s devices 1.5m try7,"[{'mac': 'Device 1', 'rssi': -43}]",13
669,walk 30m 1m/s devices 1.5m try7,"[{'mac': 'Device 1', 'rssi': -53}]",19
670,walk 30m 1m/s devices 1.5m try7,"[{'mac': 'Device 2', 'rssi': -61}]",25
671,walk 30m 1m/s devices 1.5m try7,"[{'mac': 'Device 1', 'rssi': -55}]",26
672,walk 30m 1m/s devices 1.5m try7,"[{'mac': 'Device 1', 'rssi': -51}]",28
673,walk 30m 1m/s devices 1.5m try7,"[{'mac': 'Device 1', 'rssi': -51}]",30
674,walk 30m 1m/s devices 1.5m try7,"[{'mac': 'Device 1', 'rssi': -51}, {'mac': 'Device 2', 'rssi': -56}]",31
675,walk 30m 1m/s devices 1.5m try8,"[{'mac': 'Device 2', 'rssi': -31}]",0
676,walk 30m 1m/s devices 1.5m try8,"[{'mac': 'Device 1', 'rssi': -43}]",1
677,walk 30m 1m/s devices 1.5m try8,"[{'mac': 'Device 2', 'rssi': -57}]",7
678,walk 30m 1m/s devices 1.5m try8,"[{'mac': 'Device 2', 'rssi': -37}, {'mac': 'Device 1', 'rssi': -41}]",8
679,walk 30m 1m/s devices 1.5m try8,"[{'mac': 'Device 2', 'rssi': -59}]",10
680,walk 30m 1m/s devices 1.5m try8,"[{'mac': 'Device 1', 'rssi': -43}]",11
681,walk 30m 1m/s devices 1.5m try8,"[{'mac': 'Device 2', 'rssi': -59}]",12
682,walk 30m 1m/s devices 1.5m try8,"[{'mac': 'Device 2', 'rssi': -59}]",14
683,walk 30m 1m/s devices 1.5m try8,"[{'mac': 'Device 1', 'rssi': -57}]",15
684,walk 30m 1m/s devices 1.5m try8,"[{'mac': 'Device 1', 'rssi': -47}]",17
685,walk 30m 1m/s devices 1.5m try8,"[{'mac': 'Device 1', 'rssi': -55}]",21
686,walk 30m 1m/s devices 1.5m try8,"[{'mac': 'Device 1', 'rssi': -57}]",27
687,walk 30m 1m/s devices 1.5m try8,"[{'mac': 'Device 2', 'rssi': -61}]",29
688,walk 30m 1m/s devices 1.5m try8,"[{'mac': 'Device 1', 'rssi': -38}]",31
689,walk 30m 1m/s devices 1.5m try9,"[{'mac': 'Device 1', 'rssi': -43}]",0
691,walk 30m 1m/s devices 1.5m try9,"[{'mac': 'Device 1', 'rssi': -46}, {'mac': 'Device 2', 'rssi': -63}]",6
692,walk 30m 1m/s devices 1.5m try9,"[{'mac': 'Device 2', 'rssi': -57}, {'mac': 'Device 1', 'rssi': -61}]",8
693,walk 30m 1m/s devices 1.5m try9,"[{'mac': 'Device 2', 'rssi': -63}]",9
694,walk 30m 1m/s devices 1.5m try9,"[{'mac': 'Device 2', 'rssi': -67}, {'mac': 'Device 1', 'rssi': -59}]",10
695,walk 30m 1m/s devices 1.5m try9,"[{'mac': 'Device 2', 'rssi': -61}]",13
696,walk 30m 1m/s devices 1.5m try9,"[{'mac': 'Device 2', 'rssi': -53}]",16
697,walk 30m 1m/s devices 1.5m try9,"[{'mac': 'Device 1', 'rssi': -55}]",17
698,walk 30m 1m/s devices 1.5m try9,"[{'mac': 'Device 2', 'rssi': -59}, {'mac': 'Device 1', 'rssi': -49}]",22
699,walk 30m 1m/s devices 1.5m try9,"[{'mac': 'Device 2', 'rssi': -61}, {'mac': 'Device 1', 'rssi': -51}]",23
700,walk 30m 1m/s devices 1.5m try9,"[{'mac': 'Device 2', 'rssi': -55}, {'mac': 'Device 1', 'rssi': -62}]",25
701,walk 30m 1m/s devices 1.5m try9,"[{'mac': 'Device 2', 'rssi': -59}]",28
702,walk 30m 1m/s devices 1.5m try9,"[{'mac': 'Device 2', 'rssi': -57}]",31
827,x30m50cmpers,"[{'mac': 'Device 1', 'rssi': -21}]",0
828,x30m50cmpers,"[{'mac': 'Device 2', 'rssi': -29}]",6
834,walk 30m .5m/s devices 1.5m apart try0,"[{'mac': 'Device 2', 'rssi': -59}]",5
837,walk 30m .5m/s devices 1.5m apart try0,"[{'mac': 'Device 2', 'rssi': -43}]",11
838,walk 30m .5m/s devices 1.5m apart try1,"[{'mac': 'Device 2', 'rssi': -59}]",0
839,walk 30m .5m/s devices 1.5m apart try1,"[{'mac': 'Device 1', 'rssi': -47}]",5
840,walk 30m .5m/s devices 1.5m apart try1,"[{'mac': 'Device 1', 'rssi': -58}]",9
841,walk 30m .5m/s devices 1.5m apart try1,"[{'mac': 'Device 1', 'rssi': -57}]",14
842,walk 30m .5m/s devices 1.5m apart try1,"[{'mac': 'Device 1', 'rssi': -55}]",17
843,walk 30m .5m/s devices 1.5m apart try1,"[{'mac': 'Device 1', 'rssi': -55}]",20
844,walk 30m .5m/s devices 1.5m apart try1,"[{'mac': 'Device 1', 'rssi': -55}]",23
845,walk 30m .5m/s devices 1.5m apart try1,"[{'mac': 'Device 1', 'rssi': -55}]",26
846,walk 30m .5m/s devices 1.5m apart try1,"[{'mac': 'Device 1', 'rssi': -59}]",27
847,walk 30m .5m/s devices 1.5m apart try1,"[{'mac': 'Device 1', 'rssi': -55}]",42
848,walk 30m .5m/s devices 1.5m apart try21,"[{'mac': 'Device 2', 'rssi': -41}]",0
849,walk 30m .5m/s devices 1.5m apart try21,"[{'mac': 'Device 2', 'rssi': -57}]",8
850,walk 30m .5m/s devices 1.5m apart try21,"[{'mac': 'Device 2', 'rssi': -59}]",11
851,walk 30m .5m/s devices 1.5m apart try21,"[{'mac': 'Device 2', 'rssi': -53}]",12
852,walk 30m .5m/s devices 1.5m apart try21,"[{'mac': 'Device 1', 'rssi': -49}]",14
853,walk 30m .5m/s devices 1.5m apart try21,"[{'mac': 'Device 1', 'rssi': -51}, {'mac': 'Device 2', 'rssi': -59}]",15
854,walk 30m .5m/s devices 1.5m apart try21,"[{'mac': 'Device 1', 'rssi': -59}]",22
855,walk 30m .5m/s devices 1.5m apart try21,"[{'mac': 'Device 1', 'rssi': -59}]",23
856,walk 30m .5m/s devices 1.5m apart try21,"[{'mac': 'Device 1', 'rssi': -53}]",25
857,walk 30m .5m/s devices 1.5m apart try21,"[{'mac': 'Device 2', 'rssi': -59}]",27
858,walk 30m .5m/s devices 1.5m apart try21,"[{'mac': 'Device 2', 'rssi': -59}]",28
859,walk 30m .5m/s devices 1.5m apart try21,"[{'mac': 'Device 1', 'rssi': -59}, {'mac': 'Device 2', 'rssi': -55}]",31
860,walk 30m .5m/s devices 1.5m apart try21,"[{'mac': 'Device 2', 'rssi': -55}]",33
861,walk 30m .5m/s devices 1.5m apart try21,"[{'mac': 'Device 2', 'rssi': -55}]",35
862,walk 30m .5m/s devices 1.5m apart try21,"[{'mac': 'Device 2', 'rssi': -57}]",38
863,walk 30m .5m/s devices 1.5m apart try21,"[{'mac': 'Device 2', 'rssi': -57}]",42
865,walk 30m .5m/s devices 1.5m apart try21,"[{'mac': 'Device 2', 'rssi': -57}, {'mac': 'Device 1', 'rssi': -53}]",52
866,walk 30m .5m/s devices 1.5m apart try21,"[{'mac': 'Device 1', 'rssi': -53}, {'mac': 'Device 2', 'rssi': -55}]",53
867,walk 30m .5m/s devices 1.5m apart try21,"[{'mac': 'Device 1', 'rssi': -53}, {'mac': 'Device 2', 'rssi': -56}]",56
868,walk 30m .5m/s devices 1.5m apart try21,"[{'mac': 'Device 1', 'rssi': -51}]",58
869,walk 30m .5m/s devices 1.5m apart try3,"[{'mac': 'Device 2', 'rssi': -34}]",0
871,walk 30m .5m/s devices 1.5m apart try3,"[{'mac': 'Device 1', 'rssi': -61}]",12
872,walk 30m .5m/s devices 1.5m apart try3,"[{'mac': 'Device 2', 'rssi': -69}]",14
873,walk 30m .5m/s devices 1.5m apart try3,"[{'mac': 'Device 1', 'rssi': -57}]",16
874,walk 30m .5m/s devices 1.5m apart try3,"[{'mac': 'Device 1', 'rssi': -59}]",17
875,walk 30m .5m/s devices 1.5m apart try3,"[{'mac': 'Device 2', 'rssi': -65}]",19
876,walk 30m .5m/s devices 1.5m apart try3,"[{'mac': 'Device 2', 'rssi': -55}]",23
877,walk 30m .5m/s devices 1.5m apart try3,"[{'mac': 'Device 2', 'rssi': -61}]",25
878,walk 30m .5m/s devices 1.5m apart try3,"[{'mac': 'Device 2', 'rssi': -57}]",26
880,walk 30m .5m/s devices 1.5m apart try3,"[{'mac': 'Device 2', 'rssi': -59}, {'mac': 'Device 1', 'rssi': -51}]",31
881,walk 30m .5m/s devices 1.5m apart try3,"[{'mac': 'Device 1', 'rssi': -55}]",34
883,walk 30m .5m/s devices 1.5m apart try3,"[{'mac': 'Device 1', 'rssi': -57}]",37
884,walk 30m .5m/s devices 1.5m apart try3,"[{'mac': 'Device 2', 'rssi': -57}]",40
885,walk 30m .5m/s devices 1.5m apart try3,"[{'mac': 'Device 2', 'rssi': -57}]",43
886,walk 30m .5m/s devices 1.5m apart try3,"[{'mac': 'Device 1', 'rssi': -52}]",56
887,walk 30m .5m/s devices 1.5m apart try4,"[{'mac': 'Device 2', 'rssi': -47}]",0
888,walk 30m .5m/s devices 1.5m apart try4,"[{'mac': 'Device 2', 'rssi': -47}]",4
890,walk 30m .5m/s devices 1.5m apart try4,"[{'mac': 'Device 2', 'rssi': -55}]",11
891,walk 30m .5m/s devices 1.5m apart try4,"[{'mac': 'Device 2', 'rssi': -51}, {'mac': 'Device 1', 'rssi': -57}]",12
892,walk 30m .5m/s devices 1.5m apart try4,"[{'mac': 'Device 1', 'rssi': -57}, {'mac': 'Device 2', 'rssi': -59}]",14
893,walk 30m .5m/s devices 1.5m apart try4,"[{'mac': 'Device 1', 'rssi': -49}]",15
894,walk 30m .5m/s devices 1.5m apart try4,"[{'mac': 'Device 2', 'rssi': -53}]",17
895,walk 30m .5m/s devices 1.5m apart try4,"[{'mac': 'Device 1', 'rssi': -48}]",18
896,walk 30m .5m/s devices 1.5m apart try4,"[{'mac': 'Device 2', 'rssi': -61}, {'mac': 'Device 1', 'rssi': -54}]",20
897,walk 30m .5m/s devices 1.5m apart try4,"[{'mac': 'Device 1', 'rssi': -51}]",21
898,walk 30m .5m/s devices 1.5m apart try4,"[{'mac': 'Device 2', 'rssi': -51}, {'mac': 'Device 1', 'rssi': -57}]",28
899,walk 30m .5m/s devices 1.5m apart try4,"[{'mac': 'Device 1', 'rssi': -55}, {'mac': 'Device 2', 'rssi': -59}]",30
900,walk 30m .5m/s devices 1.5m apart try4,"[{'mac': 'Device 2', 'rssi': -59}]",32
901,walk 30m .5m/s devices 1.5m apart try4,"[{'mac': 'Device 1', 'rssi': -61}]",33
902,walk 30m .5m/s devices 1.5m apart try4,"[{'mac': 'Device 1', 'rssi': -59}, {'mac': 'Device 2', 'rssi': -55}]",38
903,walk 30m .5m/s devices 1.5m apart try4,"[{'mac': 'Device 2', 'rssi': -57}]",40
904,walk 30m .5m/s devices 1.5m apart try4,"[{'mac': 'Device 1', 'rssi': -57}]",42
905,walk 30m .5m/s devices 1.5m apart try4,"[{'mac': 'Device 1', 'rssi': -57}]",46
906,walk 30m .5m/s devices 1.5m apart try4,"[{'mac': 'Device 1', 'rssi': -61}]",48
907,walk 30m .5m/s devices 1.5m apart try4,"[{'mac': 'Device 1', 'rssi': -59}]",53
909,walk 30m .5m/s devices 1.5m apart try4,"[{'mac': 'Device 1', 'rssi': -49}]",62
910,walk 30m .5m/s devices 1.5m apart try5,"[{'mac': 'Device 2', 'rssi': -33}]",0
911,walk 30m .5m/s devices 1.5m apart try5,"[{'mac': 'Device 1', 'rssi': -53}]",11
912,walk 30m .5m/s devices 1.5m apart try5,"[{'mac': 'Device 1', 'rssi': -53}]",12
913,walk 30m .5m/s devices 1.5m apart try5,"[{'mac': 'Device 2', 'rssi': -56}, {'mac': 'Device 1', 'rssi': -47}]",14
914,walk 30m .5m/s devices 1.5m apart try5,"[{'mac': 'Device 1', 'rssi': -48}]",15
915,walk 30m .5m/s devices 1.5m apart try5,"[{'mac': 'Device 2', 'rssi': -53}]",17
917,walk 30m .5m/s devices 1.5m apart try5,"[{'mac': 'Device 2', 'rssi': -55}]",21
918,walk 30m .5m/s devices 1.5m apart try5,"[{'mac': 'Device 1', 'rssi': -57}]",25
919,walk 30m .5m/s devices 1.5m apart try5,"[{'mac': 'Device 1', 'rssi': -57}]",27
920,walk 30m .5m/s devices 1.5m apart try5,"[{'mac': 'Device 2', 'rssi': -55}, {'mac': 'Device 1', 'rssi': -55}]",31
921,walk 30m .5m/s devices 1.5m apart try5,"[{'mac': 'Device 2', 'rssi': -55}]",35
922,walk 30m .5m/s devices 1.5m apart try5,"[{'mac': 'Device 1', 'rssi': -55}]",37
923,walk 30m .5m/s devices 1.5m apart try5,"[{'mac': 'Device 1', 'rssi': -53}]",43
924,walk 30m .5m/s devices 1.5m apart try5,"[{'mac': 'Device 1', 'rssi': -53}]",45
925,walk 30m .5m/s devices 1.5m apart try5,"[{'mac': 'Device 2', 'rssi': -57}]",49
927,walk 30m .5m/s devices 1.5m apart try5,"[{'mac': 'Device 2', 'rssi': -59}]",61
929,walk 30m .5m/s devices 0m apart try2,"[{'mac': 'Device 2', 'rssi': -37}]",44
932,walk 30m .5m/s devices 0m apart try2,"[{'mac': 'Device 2', 'rssi': -45}]",51
933,walk 30m .5m/s devices 0m apart try2,"[{'mac': 'Device 1', 'rssi': -47}]",52
934,walk 30m .5m/s devices 0m apart try2,"[{'mac': 'Device 2', 'rssi': -55}]",54
935,walk 30m .5m/s devices 0m apart try2,"[{'mac': 'Device 2', 'rssi': -59}]",55
936,walk 30m .5m/s devices 0m apart try2,"[{'mac': 'Device 1', 'rssi': -49}]",58
937,walk 30m .5m/s devices 0m apart try2,"[{'mac': 'Device 1', 'rssi': -44}]",60
938,walk 30m .5m/s devices 0m apart try2,"[{'mac': 'Device 1', 'rssi': -51}]",64
939,walk 30m .5m/s devices 0m apart try2,"[{'mac': 'Device 1', 'rssi': -59}]",66
940,walk 30m .5m/s devices 0m apart try2,"[{'mac': 'Device 2', 'rssi': -55}]",70
941,walk 30m .5m/s devices 0m apart try2,"[{'mac': 'Device 1', 'rssi': -61}]",72
942,walk 30m .5m/s devices 0m apart try2,"[{'mac': 'Device 1', 'rssi': -57}]",74
943,walk 30m .5m/s devices 0m apart try2,"[{'mac': 'Device 2', 'rssi': -57}]",75
944,walk 30m .5m/s devices 0m apart try2,"[{'mac': 'Device 2', 'rssi': -49}]",77
945,walk 30m .5m/s devices 0m apart try2,"[{'mac': 'Device 1', 'rssi': -55}]",79
947,walk 30m .5m/s devices 0m apart try2,"[{'mac': 'Device 2', 'rssi': -53}, {'mac': 'Device 1', 'rssi': -59}]",85
948,walk 30m .5m/s devices 0m apart try2,"[{'mac': 'Device 1', 'rssi': -57}]",90
949,walk 30m .5m/s devices 0m apart try2,"[{'mac': 'Device 2', 'rssi': -51}]",91
951,walk 30m .5m/s devices 0m apart try2,"[{'mac': 'Device 2', 'rssi': -57}]",94
952,walk 30m .5m/s devices 0m apart try2,"[{'mac': 'Device 2', 'rssi': -61}]",95
954,walk 30m .5m/s devices 0m apart try2,"[{'mac': 'Device 1', 'rssi': -61}]",100
955,walk 30m .5m/s devices 0m apart try2,"[{'mac': 'Device 2', 'rssi': -52}]",102
956,walk 30m .5m/s devices 0m apart try2,"[{'mac': 'Device 2', 'rssi': -35}]",104
959,walk 30m .5m/s devices 0m apart try2,"[{'mac': 'Device 1', 'rssi': -57}, {'mac': 'Device 2', 'rssi': -57}]",110
960,walk 30m .5m/s devices 0m apart try2,"[{'mac': 'Device 1', 'rssi': -55}]",111
962,walk 30m .5m/s devices 0m apart try2,"[{'mac': 'Device 1', 'rssi': -59}]",120
963,walk 30m .5m/s devices 0m apart try2,"[{'mac': 'Device 1', 'rssi': -57}]",121
964,walk 30m .5m/s devices 0m apart try2,"[{'mac': 'Device 2', 'rssi': -53}]",124
966,walk 30m .5m/s devices 0m apart try3,"[{'mac': 'Device 2', 'rssi': -39}]",3
967,walk 30m .5m/s devices 0m apart try3,"[{'mac': 'Device 2', 'rssi': -43}]",4
968,walk 30m .5m/s devices 0m apart try3,"[{'mac': 'Device 1', 'rssi': -55}]",8
970,walk 30m .5m/s devices 0m apart try3,"[{'mac': 'Device 1', 'rssi': -57}]",11
971,walk 30m .5m/s devices 0m apart try3,"[{'mac': 'Device 2', 'rssi': -55}]",12
972,walk 30m .5m/s devices 0m apart try3,"[{'mac': 'Device 1', 'rssi': -55}]",15
973,walk 30m .5m/s devices 0m apart try3,"[{'mac': 'Device 1', 'rssi': -47}, {'mac': 'Device 2', 'rssi': -73}]",18
974,walk 30m .5m/s devices 0m apart try3,"[{'mac': 'Device 2', 'rssi': -51}]",20
976,walk 30m .5m/s devices 0m apart try3,"[{'mac': 'Device 2', 'rssi': -47}, {'mac': 'Device 1', 'rssi': -62}]",23
977,walk 30m .5m/s devices 0m apart try3,"[{'mac': 'Device 1', 'rssi': -59}]",26
978,walk 30m .5m/s devices 0m apart try3,"[{'mac': 'Device 1', 'rssi': -59}, {'mac': 'Device 2', 'rssi': -51}]",27
979,walk 30m .5m/s devices 0m apart try3,"[{'mac': 'Device 2', 'rssi': -62}]",29
980,walk 30m .5m/s devices 0m apart try3,"[{'mac': 'Device 1', 'rssi': -55}]",30
983,walk 30m .5m/s devices 0m apart try3,"[{'mac': 'Device 2', 'rssi': -53}]",37
984,walk 30m .5m/s devices 0m apart try3,"[{'mac': 'Device 1', 'rssi': -55}]",39
985,walk 30m .5m/s devices 0m apart try3,"[{'mac': 'Device 1', 'rssi': -63}]",45
986,walk 30m .5m/s devices 0m apart try3,"[{'mac': 'Device 1', 'rssi': -59}]",50
987,walk 30m .5m/s devices 0m apart try3,"[{'mac': 'Device 2', 'rssi': -50}, {'mac': 'Device 1', 'rssi': -61}]",52
988,walk 30m .5m/s devices 0m apart try3,"[{'mac': 'Device 1', 'rssi': -63}]",58
990,walk 30m .5m/s devices 0m apart try4,"[{'mac': 'Device 1', 'rssi': -31}]",0
992,walk 30m .5m/s devices 0m apart try4,"[{'mac': 'Device 2', 'rssi': -31}, {'mac': 'Device 1', 'rssi': -25}]",2
993,walk 30m .5m/s devices 0m apart try4,"[{'mac': 'Device 1', 'rssi': -31}]",6
994,walk 30m .5m/s devices 0m apart try4,"[{'mac': 'Device 1', 'rssi': -47}]",8
995,walk 30m .5m/s devices 0m apart try4,"[{'mac': 'Device 1', 'rssi': -59}]",17
996,walk 30m .5m/s devices 0m apart try4,"[{'mac': 'Device 1', 'rssi': -58}]",19
997,walk 30m .5m/s devices 0m apart try4,"[{'mac': 'Device 1', 'rssi': -53}]",20
998,walk 30m .5m/s devices 0m apart try4,"[{'mac': 'Device 1', 'rssi': -51}]",22
999,walk 30m .5m/s devices 0m apart try4,"[{'mac': 'Device 1', 'rssi': -57}, {'mac': 'Device 2', 'rssi': -47}]",23
1000,walk 30m .5m/s devices 0m apart try4,"[{'mac': 'Device 1', 'rssi': -53}]",25
1001,walk 30m .5m/s devices 0m apart try4,"[{'mac': 'Device 2', 'rssi': -59}, {'mac': 'Device 1', 'rssi': -41}]",27
1002,walk 30m .5m/s devices 0m apart try4,"[{'mac': 'Device 2', 'rssi': -51}]",33
1003,walk 30m .5m/s devices 0m apart try4,"[{'mac': 'Device 2', 'rssi': -48}, {'mac': 'Device 1', 'rssi': -55}]",36
1004,walk 30m .5m/s devices 0m apart try4,"[{'mac': 'Device 2', 'rssi': -47}]",39
1005,walk 30m .5m/s devices 0m apart try4,"[{'mac': 'Device 2', 'rssi': -47}]",40
1006,walk 30m .5m/s devices 0m apart try4,"[{'mac': 'Device 2', 'rssi': -45}]",42
1007,walk 30m .5m/s devices 0m apart try4,"[{'mac': 'Device 2', 'rssi': -53}]",45
1008,walk 30m .5m/s devices 0m apart try4,"[{'mac': 'Device 2', 'rssi': -49}]",47
1010,walk 30m .5m/s devices 0m apart try4,"[{'mac': 'Device 2', 'rssi': -53}, {'mac': 'Device 1', 'rssi': -56}]",56
1011,walk 30m .5m/s devices 0m apart try4,"[{'mac': 'Device 1', 'rssi': -60}, {'mac': 'Device 2', 'rssi': -51}]",57
1012,walk 30m .5m/s devices 0m apart try4,"[{'mac': 'Device 2', 'rssi': -53}]",59
1013,walk 30m .5m/s devices 0m apart try4,"[{'mac': 'Device 2', 'rssi': -53}]",63
1014,walk 30m .5m/s devices 0m apart try4,"[{'mac': 'Device 1', 'rssi': -61}]",64
1015,walk 30m .5m/s devices 0m apart try5,"[{'mac': 'Device 1', 'rssi': -37}]",0
1018,walk 30m .5m/s devices 0m apart try5,"[{'mac': 'Device 1', 'rssi': -56}, {'mac': 'Device 2', 'rssi': -57}]",10
1019,walk 30m .5m/s devices 0m apart try5,"[{'mac': 'Device 1', 'rssi': -53}]",15
1022,walk 30m .5m/s devices 0m apart try5,"[{'mac': 'Device 1', 'rssi': -59}]",22
1023,walk 30m .5m/s devices 0m apart try5,"[{'mac': 'Device 2', 'rssi': -57}]",24
1026,walk 30m .5m/s devices 0m apart try5,"[{'mac': 'Device 1', 'rssi': -55}]",30
1027,walk 30m .5m/s devices 0m apart try5,"[{'mac': 'Device 2', 'rssi': -51}, {'mac': 'Device 1', 'rssi': -57}]",32
1028,walk 30m .5m/s devices 0m apart try5,"[{'mac': 'Device 2', 'rssi': -53}]",33
1031,walk 30m .5m/s devices 0m apart try5,"[{'mac': 'Device 2', 'rssi': -53}]",40
1032,walk 30m .5m/s devices 0m apart try5,"[{'mac': 'Device 2', 'rssi': -53}]",43
1033,walk 30m .5m/s devices 0m apart try5,"[{'mac': 'Device 2', 'rssi': -55}]",45
1034,walk 30m .5m/s devices 0m apart try5,"[{'mac': 'Device 2', 'rssi': -53}]",47
1035,walk 30m .5m/s devices 0m apart try5,"[{'mac': 'Device 2', 'rssi': -49}]",48
1036,walk 30m .5m/s devices 0m apart try5,"[{'mac': 'Device 1', 'rssi': -59}]",51
1037,walk 30m .5m/s devices 0m apart try5,"[{'mac': 'Device 1', 'rssi': -63}]",54
1038,walk 30m .5m/s devices 0m apart try5,"[{'mac': 'Device 1', 'rssi': -59}]",56
1039,walk 30m .5m/s devices 0m apart try5,"[{'mac': 'Device 2', 'rssi': -29}]",61
1041,walk 30m .5m/s devices 0m apart try6,"[{'mac': 'Device 1', 'rssi': -62}]",7
1042,walk 30m .5m/s devices 0m apart try6,"[{'mac': 'Device 1', 'rssi': -57}]",9
1043,walk 30m .5m/s devices 0m apart try6,"[{'mac': 'Device 1', 'rssi': -61}]",10
1044,walk 30m .5m/s devices 0m apart try6,"[{'mac': 'Device 1', 'rssi': -65}]",13
1045,walk 30m .5m/s devices 0m apart try6,"[{'mac': 'Device 2', 'rssi': -39}]",17
1046,walk 30m .5m/s devices 0m apart try6,"[{'mac': 'Device 1', 'rssi': -61}]",24
1047,walk 30m .5m/s devices 0m apart try6,"[{'mac': 'Device 1', 'rssi': -63}]",25
1048,walk 30m .5m/s devices 0m apart try6,"[{'mac': 'Device 1', 'rssi': -65}]",27
1049,walk 30m .5m/s devices 0m apart try6,"[{'mac': 'Device 1', 'rssi': -59}]",30
1050,walk 30m .5m/s devices 0m apart try6,"[{'mac': 'Device 2', 'rssi': -61}]",32
1051,walk 30m .5m/s devices 0m apart try6,"[{'mac': 'Device 2', 'rssi': -61}]",35
1052,walk 30m .5m/s devices 0m apart try6,"[{'mac': 'Device 1', 'rssi': -63}, {'mac': 'Device 2', 'rssi': -61}]",38
1053,walk 30m .5m/s devices 0m apart try6,"[{'mac': 'Device 2', 'rssi': -61}]",42
1054,walk 30m .5m/s devices 0m apart try6,"[{'mac': 'Device 1', 'rssi': -65}]",45
1055,walk 30m .5m/s devices 0m apart try6,"[{'mac': 'Device 1', 'rssi': -63}]",46
1056,walk 30m .5m/s devices 0m apart try6,"[{'mac': 'Device 1', 'rssi': -65}]",48
1057,walk 30m .5m/s devices 0m apart try6,"[{'mac': 'Device 1', 'rssi': -61}]",49
1060,walk 30m .5m/s devices 0m apart try6,"[{'mac': 'Device 1', 'rssi': -67}]",53
1061,walk 30m .5m/s devices 0m apart try6,"[{'mac': 'Device 1', 'rssi': -63}]",56
1062,Reading at certain dis,"[{'mac': 'Device 1', 'rssi': -27}]",0
1065,Reading at certain dis,"[{'mac': 'Device 1', 'rssi': -23}]",9
1067,Reading at certain dis,"[{'mac': 'Device 1', 'rssi': -23}]",12
1068,Reading at certain dis,"[{'mac': 'Device 2', 'rssi': -51}, {'mac': 'Device 1', 'rssi': -27}]",14
1069,Reading at certain dis,"[{'mac': 'Device 1', 'rssi': -29}, {'mac': 'Device 2', 'rssi': -49}]",15
1070,Reading at certain dis,"[{'mac': 'Device 1', 'rssi': -47}, {'mac': 'Device 2', 'rssi': -41}]",39
1072,Reading at certain dis,"[{'mac': 'Device 1', 'rssi': -31}]",51
1075,Reading at certain dis,"[{'mac': 'Device 1', 'rssi': -27}]",65
1077,Reading at certain dis,"[{'mac': 'Device 2', 'rssi': -37}]",84
1078,Reading at certain dis,"[{'mac': 'Device 1', 'rssi': -35}, {'mac': 'Device 2', 'rssi': -35}]",87
1079,Reading at certain dis,"[{'mac': 'Device 2', 'rssi': -33}]",88
1080,Reading at certain dis,"[{'mac': 'Device 2', 'rssi': -33}]",94
1081,Reading at certain dis,"[{'mac': 'Device 2', 'rssi': -39}]",103
1082,Reading at certain dis,"[{'mac': 'Device 2', 'rssi': -43}]",104
1083,Reading at certain dis,"[{'mac': 'Device 2', 'rssi': -43}]",106
1084,Reading at certain dis,"[{'mac': 'Device 2', 'rssi': -47}, {'mac': 'Device 1', 'rssi': -45}]",107
1085,Reading at certain dis,"[{'mac': 'Device 2', 'rssi': -37}]",109
1086,Reading at certain dis,"[{'mac': 'Device 2', 'rssi': -41}]",113
1087,Reading at certain dis,"[{'mac': 'Device 2', 'rssi': -51}]",116
1088,Reading at certain dis,"[{'mac': 'Device 2', 'rssi': -35}]",119
1089,Reading at certain dis,"[{'mac': 'Device 2', 'rssi': -41}]",122
1091,Reading at certain dis,"[{'mac': 'Device 2', 'rssi': -43}]",125
1092,Reading at certain dis,"[{'mac': 'Device 2', 'rssi': -41}]",127
1093,Reading at certain dis,"[{'mac': 'Device 2', 'rssi': -41}]",128
1094,Reading at certain dis,"[{'mac': 'Device 1', 'rssi': -41}, {'mac': 'Device 2', 'rssi': -43}]",130
1095,Reading at certain dis,"[{'mac': 'Device 1', 'rssi': -35}, {'mac': 'Device 2', 'rssi': -47}]",134
1096,Reading at certain dis,"[{'mac': 'Device 2', 'rssi': -39}, {'mac': 'Device 1', 'rssi': -45}]",136
1097,Reading at certain dis,"[{'mac': 'Device 2', 'rssi': -41}, {'mac': 'Device 1', 'rssi': -29}]",140
1098,Reading at certain dis,"[{'mac': 'Device 2', 'rssi': -29}]",141
1099,Reading at certain dis,"[{'mac': 'Device 2', 'rssi': -51}]",153
1100,Reading at certain dis,"[{'mac': 'Device 2', 'rssi': -49}]",157
1101,Reading at certain dis,"[{'mac': 'Device 2', 'rssi': -31}]",159
1102,Reading at certain dis,"[{'mac': 'Device 2', 'rssi': -31}]",163
1103,Reading at certain dis,"[{'mac': 'Device 1', 'rssi': -33}]",164
1104,Reading at certain dis,"[{'mac': 'Device 1', 'rssi': -29}, {'mac': 'Device 2', 'rssi': -29}]",168
1105,Reading at certain dis,"[{'mac': 'Device 1', 'rssi': -31}, {'mac': 'Device 2', 'rssi': -31}]",170
1106,Reading at certain dis,"[{'mac': 'Device 2', 'rssi': -29}, {'mac': 'Device 1', 'rssi': -29}]",186
1107,Reading at certain dis,"[{'mac': 'Device 1', 'rssi': -43}]",189
1108,Reading at certain dis,"[{'mac': 'Device 2', 'rssi': -29}]",190
1109,Reading at certain dis,"[{'mac': 'Device 1', 'rssi': -41}]",192
1110,Reading at certain dis,"[{'mac': 'Device 2', 'rssi': -29}, {'mac': 'Device 1', 'rssi': -45}]",201
1114,Reading at certain dis,"[{'mac': 'Device 1', 'rssi': -52}]",211
1115,Reading at certain dis,"[{'mac': 'Device 1', 'rssi': -51}]",212
1116,Reading at certain dis,"[{'mac': 'Device 1', 'rssi': -45}]",214
1117,Reading at certain dis,"[{'mac': 'Device 1', 'rssi': -41}]",216
1118,Reading at certain dis,"[{'mac': 'Device 1', 'rssi': -41}]",218
1119,Reading at certain dis,"[{'mac': 'Device 1', 'rssi': -41}]",221
1120,Reading at certain dis,"[{'mac': 'Device 1', 'rssi': -45}]",222
1121,Reading at certain dis,"[{'mac': 'Device 2', 'rssi': -53}]",250
1123,Reading at certain dis,"[{'mac': 'Device 2', 'rssi': -54}]",260
1124,Reading at certain dis,"[{'mac': 'Device 2', 'rssi': -59}, {'mac': 'Device 1', 'rssi': -49}]",263
1125,Reading at certain dis,"[{'mac': 'Device 2', 'rssi': -47}, {'mac': 'Device 1', 'rssi': -45}]",264
1126,Reading at certain dis,"[{'mac': 'Device 1', 'rssi': -45}]",276
1130,Reading at certain dis,"[{'mac': 'Device 2', 'rssi': -45}]",289
1131,Reading at certain dis,"[{'mac': 'Device 2', 'rssi': -49}]",291
1132,Reading at certain dis,"[{'mac': 'Device 2', 'rssi': -37}, {'mac': 'Device 1', 'rssi': -23}]",292
1133,Reading at certain dis,"[{'mac': 'Device 1', 'rssi': -23}]",308
1134,Reading at certain dis,"[{'mac': 'Device 1', 'rssi': -47}]",310
1136,Reading at certain dis,"[{'mac': 'Device 2', 'rssi': -47}]",329
1137,Reading at certain dis,"[{'mac': 'Device 2', 'rssi': -43}]",331
1138,Reading at certain dis,"[{'mac': 'Device 2', 'rssi': -45}]",332
1140,Reading at certain dis,"[{'mac': 'Device 1', 'rssi': -43}]",336
1142,Reading at certain dis,"[{'mac': 'Device 2', 'rssi': -43}]",357
1143,Reading at certain dis,"[{'mac': 'Device 2', 'rssi': -45}]",359
1144,Reading at certain dis,"[{'mac': 'Device 2', 'rssi': -43}]",360
1145,Reading at certain dis,"[{'mac': 'Device 2', 'rssi': -49}]",362
1146,Reading at certain dis,"[{'mac': 'Device 2', 'rssi': -45}]",363
1147,Reading at certain dis,"[{'mac': 'Device 2', 'rssi': -47}]",365
1148,Reading at certain dis,"[{'mac': 'Device 2', 'rssi': -43}]",366
1149,Reading at certain dis,"[{'mac': 'Device 1', 'rssi': -43}]",371
1150,Reading at certain dis,"[{'mac': 'Device 1', 'rssi': -43}]",372
1151,Reading at certain dis,"[{'mac': 'Device 2', 'rssi': -27}]",374
1154,Reading at certain dis,"[{'mac': 'Device 1', 'rssi': -43}]",402
1155,Reading at certain dis,"[{'mac': 'Device 1', 'rssi': -43}]",407
1156,Reading at certain dis,"[{'mac': 'Device 1', 'rssi': -43}]",408
1157,Reading at certain dis,"[{'mac': 'Device 1', 'rssi': -27}]",410
1158,Reading at certain dis,"[{'mac': 'Device 2', 'rssi': -51}]",413
1159,Reading at certain dis,"[{'mac': 'Device 2', 'rssi': -47}]",415
1160,Reading at certain dis,"[{'mac': 'Device 2', 'rssi': -45}]",433
1161,Reading at certain dis,"[{'mac': 'Device 2', 'rssi': -43}]",436
1163,Reading at certain dis,"[{'mac': 'Device 2', 'rssi': -49}]",443
1164,Reading at certain dis,"[{'mac': 'Device 2', 'rssi': -47}]",445
1165,Reading at certain dis,"[{'mac': 'Device 2', 'rssi': -46}, {'mac': 'Device 1', 'rssi': -51}]",452
1167,Reading at certain dis,"[{'mac': 'Device 1', 'rssi': -54}]",461
1168,Reading at certain dis,"[{'mac': 'Device 1', 'rssi': -49}]",463
1169,Reading at certain dis,"[{'mac': 'Device 1', 'rssi': -53}]",464
1170,Reading at certain dis,"[{'mac': 'Device 1', 'rssi': -49}]",467
1171,Reading at certain dis,"[{'mac': 'Device 2', 'rssi': -49}]",469
1172,Reading at certain dis,"[{'mac': 'Device 2', 'rssi': -45}]",471
1173,Reading at certain dis,"[{'mac': 'Device 2', 'rssi': -45}]",485
1174,Reading at certain dis,"[{'mac': 'Device 1', 'rssi': -39}]",491
1176,Reading at certain dis,"[{'mac': 'Device 2', 'rssi': -44}]",494
1181,Reading at certain dis,"[{'mac': 'Device 2', 'rssi': -43}]",504
1182,Reading at certain dis,"[{'mac': 'Device 1', 'rssi': -33}]",505
1183,Reading at certain dis,"[{'mac': 'Device 1', 'rssi': -41}, {'mac': 'Device 2', 'rssi': -40}]",516
1184,Reading at certain dis,"[{'mac': 'Device 2', 'rssi': -46}, {'mac': 'Device 1', 'rssi': -44}]",518
1185,Reading at certain dis,"[{'mac': 'Device 2', 'rssi': -47}, {'mac': 'Device 1', 'rssi': -45}]",519
1186,Reading at certain dis,"[{'mac': 'Device 1', 'rssi': -43}, {'mac': 'Device 2', 'rssi': -45}]",520
1187,Reading at certain dis,"[{'mac': 'Device 1', 'rssi': -41}]",523
1188,Reading at certain dis,"[{'mac': 'Device 1', 'rssi': -47}]",537
1189,Reading at certain dis,"[{'mac': 'Device 1', 'rssi': -43}]",540
1190,Reading at certain dis,"[{'mac': 'Device 1', 'rssi': -42}]",542
1202,Reading at certain dis,"[{'mac': 'Device 1', 'rssi': -39}]",562
1203,Reading at certain dis,"[{'mac': 'Device 1', 'rssi': -41}]",563
1204,Reading at certain dis,"[{'mac': 'Device 1', 'rssi': -41}]",598
1207,Reading at certain dis,"[{'mac': 'Device 1', 'rssi': -49}]",609
1210,Reading at certain dis,"[{'mac': 'Device 1', 'rssi': -49}]",614
1212,Reading at certain dis,"[{'mac': 'Device 1', 'rssi': -45}]",627
1213,Reading at certain dis,"[{'mac': 'Device 1', 'rssi': -42}, {'mac': 'Device 2', 'rssi': -49}]",628
1214,Reading at certain dis,"[{'mac': 'Device 1', 'rssi': -41}]",639
1215,Reading at certain dis,"[{'mac': 'Device 1', 'rssi': -47}]",642
1216,Reading at certain dis,"[{'mac': 'Device 1', 'rssi': -77}]",643
1217,Reading at certain dis,"[{'mac': 'Device 2', 'rssi': -43}]",645
1218,Reading at certain dis,"[{'mac': 'Device 2', 'rssi': -43}, {'mac': 'Device 1', 'rssi': -39}]",646
1219,Reading at certain dis,"[{'mac': 'Device 2', 'rssi': -45}]",648
1220,Reading at certain dis,"[{'mac': 'Device 2', 'rssi': -53}, {'mac': 'Device 1', 'rssi': -45}]",649
1221,Reading at certain dis,"[{'mac': 'Device 1', 'rssi': -45}]",663
1222,Reading at certain dis,"[{'mac': 'Device 1', 'rssi': -43}]",668
1223,Reading at certain dis,"[{'mac': 'Device 1', 'rssi': -43}]",671
1226,Reading at certain dis,"[{'mac': 'Device 1', 'rssi': -41}]",681
1227,Reading at certain dis,"[{'mac': 'Device 2', 'rssi': -77}]",682
1229,Reading at certain dis,"[{'mac': 'Device 1', 'rssi': -51}]",686
1231,Reading at certain dis,"[{'mac': 'Device 1', 'rssi': -39}]",691
1232,Reading at certain dis,"[{'mac': 'Device 1', 'rssi': -43}]",694
1234,Reading at certain dis,"[{'mac': 'Device 1', 'rssi': -47}]",701
1236,Reading at certain dis,"[{'mac': 'Device 2', 'rssi': -57}]",716
1237,Reading at certain dis,"[{'mac': 'Device 2', 'rssi': -59}]",719
1240,Reading at certain dis,"[{'mac': 'Device 1', 'rssi': -43}]",724
1243,Reading at certain dis,"[{'mac': 'Device 1', 'rssi': -43}]",729
1245,Reading at certain dis,"[{'mac': 'Device 2', 'rssi': -46}]",732
1246,Reading at certain dis,"[{'mac': 'Device 2', 'rssi': -49}]",733
1247,Reading at certain dis,"[{'mac': 'Device 1', 'rssi': -41}, {'mac': 'Device 2', 'rssi': -43}]",735
1248,Reading at certain dis,"[{'mac': 'Device 1', 'rssi': -45}]",747
1249,Reading at certain dis,"[{'mac': 'Device 1', 'rssi': -45}]",749
1250,Reading at certain dis,"[{'mac': 'Device 1', 'rssi': -49}]",752
1254,Reading at certain dis,"[{'mac': 'Device 1', 'rssi': -49}]",771
1255,Reading at certain dis,"[{'mac': 'Device 1', 'rssi': -47}]",772
1259,Reading at certain dis,"[{'mac': 'Device 1', 'rssi': -48}]",788
1261,Reading at certain dis,"[{'mac': 'Device 1', 'rssi': -41}]",793
1262,Reading at certain dis,"[{'mac': 'Device 1', 'rssi': -38}]",799
1263,Reading at certain dis,"[{'mac': 'Device 1', 'rssi': -43}]",801
1264,Reading at certain dis,"[{'mac': 'Device 1', 'rssi': -41}]",802
1265,Reading at certain dis,"[{'mac': 'Device 1', 'rssi': -51}]",803
1266,Reading at certain dis,"[{'mac': 'Device 1', 'rssi': -43}]",805
1267,Reading at certain dis,"[{'mac': 'Device 1', 'rssi': -39}]",806
1269,Reading at certain dis,"[{'mac': 'Device 1', 'rssi': -44}]",809
1270,Reading at certain dis,"[{'mac': 'Device 1', 'rssi': -45}]",815
1274,Reading at certain dis,"[{'mac': 'Device 1', 'rssi': -49}]",845
1275,Reading at certain dis,"[{'mac': 'Device 1', 'rssi': -44}]",846
1276,Reading at certain dis,"[{'mac': 'Device 1', 'rssi': -55}]",848
1277,Reading at certain dis,"[{'mac': 'Device 1', 'rssi': -45}]",850
1278,Reading at certain dis,"[{'mac': 'Device 1', 'rssi': -43}]",851
1279,Reading at certain dis,"[{'mac': 'Device 2', 'rssi': -57}]",853
1280,Reading at certain dis,"[{'mac': 'Device 2', 'rssi': -34}]",855
1281,Reading at certain dis,"[{'mac': 'Device 2', 'rssi': -51}]",856
1282,Reading at certain dis,"[{'mac': 'Device 2', 'rssi': -49}, {'mac': 'Device 1', 'rssi': -47}]",858
1283,Reading at certain dis,"[{'mac': 'Device 2', 'rssi': -53}]",860
1284,Reading at certain dis,"[{'mac': 'Device 1', 'rssi': -55}]",863
1286,Reading at certain dis,"[{'mac': 'Device 1', 'rssi': -47}]",880
1288,Reading at certain dis,"[{'mac': 'Device 1', 'rssi': -49}]",886
1289,Reading at certain dis,"[{'mac': 'Device 1', 'rssi': -49}]",887
1290,Reading at certain dis,"[{'mac': 'Device 1', 'rssi': -35}]",888
1291,Reading at certain dis,"[{'mac': 'Device 1', 'rssi': -43}]",890
1299,Reading at certain dis,"[{'mac': 'Device 1', 'rssi': -49}]",917
1301,Reading at certain dis,"[{'mac': 'Device 2', 'rssi': -21}]",921
1302,Reading at certain dis,"[{'mac': 'Device 2', 'rssi': -45}]",922
1303,Reading at certain dis,"[{'mac': 'Device 2', 'rssi': -51}]",923
1304,Reading at certain dis,"[{'mac': 'Device 2', 'rssi': -49}]",925
1305,Reading at certain dis,"[{'mac': 'Device 2', 'rssi': -53}]",939
1306,Reading at certain dis,"[{'mac': 'Device 2', 'rssi': -49}]",941
1307,Reading at certain dis,"[{'mac': 'Device 2', 'rssi': -47}]",943
1308,Reading at certain dis,"[{'mac': 'Device 2', 'rssi': -47}]",944
1309,Reading at certain dis,"[{'mac': 'Device 2', 'rssi': -51}]",947
1310,Reading at certain dis,"[{'mac': 'Device 2', 'rssi': -49}, {'mac': 'Device 1', 'rssi': -31}]",949
1311,Reading at certain dis,"[{'mac': 'Device 2', 'rssi': -21}]",953
1312,Reading at certain dis,"[{'mac': 'Device 1', 'rssi': -51}]",957
1313,Reading at certain dis,"[{'mac': 'Device 2', 'rssi': -53}]",961
1314,Reading at certain dis,"[{'mac': 'Device 1', 'rssi': -53}]",966
1315,Reading at certain dis,"[{'mac': 'Device 1', 'rssi': -51}]",977
1318,Reading at certain dis,"[{'mac': 'Device 1', 'rssi': -53}]",984
1320,Reading at certain dis,"[{'mac': 'Device 2', 'rssi': -57}]",987
1321,Reading at certain dis,"[{'mac': 'Device 1', 'rssi': -37}]",988
1323,Reading at certain dis,"[{'mac': 'Device 1', 'rssi': -53}]",1001
1324,Reading at certain dis,"[{'mac': 'Device 1', 'rssi': -47}, {'mac': 'Device 2', 'rssi': -51}]",1006
1325,Reading at certain dis,"[{'mac': 'Device 1', 'rssi': -49}]",1007
1326,Reading at certain dis,"[{'mac': 'Device 1', 'rssi': -47}]",1009
1327,Reading at certain dis,"[{'mac': 'Device 1', 'rssi': -48}]",1010
1328,Reading at certain dis,"[{'mac': 'Device 1', 'rssi': -51}]",1012
1329,Reading at certain dis,"[{'mac': 'Device 1', 'rssi': -47}]",1013
1331,Reading at certain dis,"[{'mac': 'Device 1', 'rssi': -49}]",1017
1333,Reading at certain dis,"[{'mac': 'Device 2', 'rssi': -58}]",1032
1334,Reading at certain dis,"[{'mac': 'Device 2', 'rssi': -51}]",1034
1335,Reading at certain dis,"[{'mac': 'Device 2', 'rssi': -51}]",1037
1336,Reading at certain dis,"[{'mac': 'Device 2', 'rssi': -47}]",1039
1337,Reading at certain dis,"[{'mac': 'Device 1', 'rssi': -55}, {'mac': 'Device 2', 'rssi': -51}]",1040
1339,Reading at certain dis,"[{'mac': 'Device 2', 'rssi': -49}, {'mac': 'Device 1', 'rssi': -49}]",1043
1340,Reading at certain dis,"[{'mac': 'Device 1', 'rssi': -55}]",1045
1341,Reading at certain dis,"[{'mac': 'Device 1', 'rssi': -57}]",1047
1342,Reading at certain dis,"[{'mac': 'Device 1', 'rssi': -49}]",1049
1343,Reading at certain dis,"[{'mac': 'Device 1', 'rssi': -49}]",1050
1344,Reading at certain dis,"[{'mac': 'Device 2', 'rssi': -57}, {'mac': 'Device 1', 'rssi': -53}]",1066
1345,Reading at certain dis,"[{'mac': 'Device 1', 'rssi': -56}]",1069
1346,Reading at certain dis,"[{'mac': 'Device 1', 'rssi': -47}]",1071
1348,Reading at certain dis,"[{'mac': 'Device 1', 'rssi': -57}]",1077
1349,Reading at certain dis,"[{'mac': 'Device 1', 'rssi': -57}]",1078
1350,Reading at certain dis,"[{'mac': 'Device 1', 'rssi': -51}]",1080
1352,Reading at certain dis,"[{'mac': 'Device 1', 'rssi': -51}]",1083
1353,Reading at certain dis,"[{'mac': 'Device 1', 'rssi': -51}]",1086
1355,Reading at certain dis,"[{'mac': 'Device 1', 'rssi': -49}]",1089
1356,Reading at certain dis,"[{'mac': 'Device 1', 'rssi': -49}]",1091
1357,Reading at certain dis,"[{'mac': 'Device 1', 'rssi': -59}]",1093
1359,Reading at certain dis,"[{'mac': 'Device 1', 'rssi': -57}, {'mac': 'Device 2', 'rssi': -57}]",1096
1360,Reading at certain dis,"[{'mac': 'Device 1', 'rssi': -55}]",1098
1361,Reading at certain dis,"[{'mac': 'Device 2', 'rssi': -55}]",1113
1362,Reading at certain dis,"[{'mac': 'Device 2', 'rssi': -62}]",1117
1363,Reading at certain dis,"[{'mac': 'Device 2', 'rssi': -55}]",1121
1364,Reading at certain dis,"[{'mac': 'Device 1', 'rssi': -19}, {'mac': 'Device 2', 'rssi': -55}]",1128
1365,Reading at certain dis,"[{'mac': 'Device 1', 'rssi': -49}]",1131
1366,Reading at certain dis,"[{'mac': 'Device 1', 'rssi': -47}, {'mac': 'Device 2', 'rssi': -36}]",1133
1367,Reading at certain dis,"[{'mac': 'Device 1', 'rssi': -57}]",1135
1368,Reading at certain dis,"[{'mac': 'Device 1', 'rssi': -49}]",1136
1369,Reading at certain dis,"[{'mac': 'Device 1', 'rssi': -51}]",1138
1370,Reading at certain dis,"[{'mac': 'Device 1', 'rssi': -51}, {'mac': 'Device 2', 'rssi': -55}]",1140
1371,Reading at certain dis,"[{'mac': 'Device 1', 'rssi': -49}]",1142
1372,Reading at certain dis,"[{'mac': 'Device 2', 'rssi': -55}]",1144
1373,Reading at certain dis,"[{'mac': 'Device 2', 'rssi': -57}]",1148
1375,Reading at certain dis,"[{'mac': 'Device 2', 'rssi': -65}, {'mac': 'Device 1', 'rssi': -59}]",1160
1377,Reading at certain dis,"[{'mac': 'Device 1', 'rssi': -19}]",1169
1379,Reading at certain dis,"[{'mac': 'Device 2', 'rssi': -19}]",1173
1380,Reading at certain dis,"[{'mac': 'Device 2', 'rssi': -61}]",1176
1382,Reading at certain dis,"[{'mac': 'Device 1', 'rssi': -55}]",1181
1383,Reading at certain dis,"[{'mac': 'Device 2', 'rssi': -55}]",1182
1384,walking 30m,"[{'mac': 'Device 1', 'rssi': -37}]",0
1385,walking 30m,"[{'mac': 'Device 1', 'rssi': -54}]",4
1389,walking 30m,"[{'mac': 'Device 2', 'rssi': -53}]",25
1393,walking 30m,"[{'mac': 'Device 1', 'rssi': -53}]",44
1394,walking 30m,"[{'mac': 'Device 2', 'rssi': -53}]",46
1396,walking 30m,"[{'mac': 'Device 2', 'rssi': -45}]",50
1397,walking 30m,"[{'mac': 'Device 2', 'rssi': -47}]",51
1398,walking 30m,"[{'mac': 'Device 2', 'rssi': -43}]",53
1399,walking 30m,"[{'mac': 'Device 2', 'rssi': -47}]",54
1400,walking 30m,"[{'mac': 'Device 2', 'rssi': -47}]",56
1401,walking 30m,"[{'mac': 'Device 2', 'rssi': -37}]",62
1402,walking 30m,"[{'mac': 'Device 2', 'rssi': -41}]",63
1403,walking 30m,"[{'mac': 'Device 2', 'rssi': -41}]",65
1404,walking 30m,"[{'mac': 'Device 2', 'rssi': -41}]",66
1405,walking 30m,"[{'mac': 'Device 2', 'rssi': -43}]",68
1406,walking 30m,"[{'mac': 'Device 2', 'rssi': -40}]",70
1407,walking 30m,"[{'mac': 'Device 2', 'rssi': -43}]",71
1410,walking 30m,"[{'mac': 'Device 2', 'rssi': -37}]",92
1412,walking 30m,"[{'mac': 'Device 1', 'rssi': -43}, {'mac': 'Device 2', 'rssi': -41}]",100
1413,walking 30m,"[{'mac': 'Device 2', 'rssi': -46}, {'mac': 'Device 1', 'rssi': -41}]",102
1414,walking 30m,"[{'mac': 'Device 2', 'rssi': -47}]",103
1415,walking 30m,"[{'mac': 'Device 2', 'rssi': -47}]",105
1416,walking 30m,"[{'mac': 'Device 2', 'rssi': -42}]",106
1418,walking 30m,"[{'mac': 'Device 2', 'rssi': -44}]",110
1419,walking 30m,"[{'mac': 'Device 1', 'rssi': -39}]",114
1420,walking 30m,"[{'mac': 'Device 1', 'rssi': -45}]",119
1421,walking 30m,"[{'mac': 'Device 2', 'rssi': -49}]",122
1423,walking 30m,"[{'mac': 'Device 2', 'rssi': -42}]",125
1424,walking 30m,"[{'mac': 'Device 2', 'rssi': -39}]",127
1425,walking 30m,"[{'mac': 'Device 2', 'rssi': -41}]",129
1426,walking 30m,"[{'mac': 'Device 2', 'rssi': -43}]",130
1429,walking 30m,"[{'mac': 'Device 1', 'rssi': -41}]",142
1431,walking 30m,"[{'mac': 'Device 2', 'rssi': -47}]",149
1432,walking 30m,"[{'mac': 'Device 2', 'rssi': -53}, {'mac': 'Device 1', 'rssi': -41}]",150
1433,walking 30m,"[{'mac': 'Device 2', 'rssi': -57}, {'mac': 'Device 1', 'rssi': -41}]",152
1434,walking 30m,"[{'mac': 'Device 2', 'rssi': -50}, {'mac': 'Device 1', 'rssi': -43}]",154
1435,walking 30m,"[{'mac': 'Device 2', 'rssi': -43}]",155
1436,walking 30m,"[{'mac': 'Device 2', 'rssi': -51}, {'mac': 'Device 1', 'rssi': -45}]",157
1437,walking 30m,"[{'mac': 'Device 1', 'rssi': -58}]",158
1438,walking 30m,"[{'mac': 'Device 1', 'rssi': -41}]",160
1439,walking 30m,"[{'mac': 'Device 1', 'rssi': -43}]",164
1440,walking 30m,"[{'mac': 'Device 1', 'rssi': -41}]",165
1441,walking 30m,"[{'mac': 'Device 1', 'rssi': -47}]",167
1442,walking 30m,"[{'mac': 'Device 1', 'rssi': -49}]",171
1443,walking 30m,"[{'mac': 'Device 1', 'rssi': -49}]",173
1444,walking 30m,"[{'mac': 'Device 1', 'rssi': -45}]",175
1445,walking 30m,"[{'mac': 'Device 1', 'rssi': -47}]",176
1447,walking 30m,"[{'mac': 'Device 1', 'rssi': -43}]",179
1448,walking 30m,"[{'mac': 'Device 1', 'rssi': -51}]",181
1449,walking 30m,"[{'mac': 'Device 1', 'rssi': -51}]",182
1450,walking 30m,"[{'mac': 'Device 1', 'rssi': -59}]",186
1451,walking 30m,"[{'mac': 'Device 1', 'rssi': -53}]",188
1452,walking 30m,"[{'mac': 'Device 2', 'rssi': -59}]",189
1453,walking 30m,"[{'mac': 'Device 2', 'rssi': -51}]",191
1454,walking 30m,"[{'mac': 'Device 2', 'rssi': -47}]",192
1455,walking 30m,"[{'mac': 'Device 2', 'rssi': -45}]",194
1456,walking 30m,"[{'mac': 'Device 2', 'rssi': -45}, {'mac': 'Device 1', 'rssi': -65}]",195
1457,walking 30m,"[{'mac': 'Device 2', 'rssi': -45}]",197
1458,walking 30m,"[{'mac': 'Device 2', 'rssi': -49}, {'mac': 'Device 1', 'rssi': -53}]",202
1459,walking 30m,"[{'mac': 'Device 1', 'rssi': -49}, {'mac': 'Device 2', 'rssi': -49}]",204
1460,walking 30m,"[{'mac': 'Device 1', 'rssi': -53}]",206
1461,walking 30m,"[{'mac': 'Device 2', 'rssi': -42}]",207
1462,walking 30m,"[{'mac': 'Device 2', 'rssi': -41}]",209
1463,walking 30m,"[{'mac': 'Device 2', 'rssi': -43}]",210
1464,walking 30m,"[{'mac': 'Device 1', 'rssi': -51}]",212
1465,walking 30m,"[{'mac': 'Device 1', 'rssi': -53}]",213
1466,walking 30m,"[{'mac': 'Device 1', 'rssi': -51}, {'mac': 'Device 2', 'rssi': -59}]",215
1467,walking 30m,"[{'mac': 'Device 2', 'rssi': -49}, {'mac': 'Device 1', 'rssi': -57}]",216
1468,walking 30m,"[{'mac': 'Device 2', 'rssi': -57}, {'mac': 'Device 1', 'rssi': -57}]",218
1469,walking 30m,"[{'mac': 'Device 2', 'rssi': -41}, {'mac': 'Device 1', 'rssi': -57}]",219
1470,walking 30m,"[{'mac': 'Device 2', 'rssi': -52}, {'mac': 'Device 1', 'rssi': -53}]",221
1471,walking 30m,"[{'mac': 'Device 2', 'rssi': -55}, {'mac': 'Device 1', 'rssi': -55}]",222
1472,walking 30m,"[{'mac': 'Device 2', 'rssi': -53}, {'mac': 'Device 1', 'rssi': -43}]",225
1473,walking 30m,"[{'mac': 'Device 1', 'rssi': -53}]",227
1474,walking 30m,"[{'mac': 'Device 1', 'rssi': -58}]",228
1475,walking 30m,"[{'mac': 'Device 1', 'rssi': -57}]",230
1476,walking 30m,"[{'mac': 'Device 2', 'rssi': -37}]",232
1477,walking 30m,"[{'mac': 'Device 1', 'rssi': -56}]",233
1478,walking 30m,"[{'mac': 'Device 1', 'rssi': -49}]",235
1479,walking 30m,"[{'mac': 'Device 1', 'rssi': -47}]",238
1481,walking 30m,"[{'mac': 'Device 1', 'rssi': -43}]",243
1482,walking 30m,"[{'mac': 'Device 1', 'rssi': -49}]",248
1483,walking 30m,"[{'mac': 'Device 1', 'rssi': -53}]",250
1484,walking 30m,"[{'mac': 'Device 1', 'rssi': -47}]",252
1486,walking 30m,"[{'mac': 'Device 2', 'rssi': -61}]",284
1487,walking 30m,"[{'mac': 'Device 1', 'rssi': -47}, {'mac': 'Device 2', 'rssi': -55}]",286
1488,walking 30m,"[{'mac': 'Device 2', 'rssi': -53}, {'mac': 'Device 1', 'rssi': -49}]",287
1489,walking 30m,"[{'mac': 'Device 1', 'rssi': -44}, {'mac': 'Device 2', 'rssi': -51}]",289
1490,walking 30m,"[{'mac': 'Device 2', 'rssi': -52}, {'mac': 'Device 1', 'rssi': -43}]",290
1491,walking 30m,"[{'mac': 'Device 2', 'rssi': -47}]",292
1492,walking 30m,"[{'mac': 'Device 1', 'rssi': -45}, {'mac': 'Device 2', 'rssi': -51}]",293
1493,walking 30m,"[{'mac': 'Device 1', 'rssi': -47}, {'mac': 'Device 2', 'rssi': -55}]",295
1494,walking 30m,"[{'mac': 'Device 1', 'rssi': -45}]",296
1495,walking 30m,"[{'mac': 'Device 1', 'rssi': -56}]",298
1496,walking 30m,"[{'mac': 'Device 2', 'rssi': -51}]",299
1497,walking 30m,"[{'mac': 'Device 2', 'rssi': -59}]",301
1498,walking 30m,"[{'mac': 'Device 2', 'rssi': -59}, {'mac': 'Device 1', 'rssi': -59}]",303
1499,walking 30m,"[{'mac': 'Device 2', 'rssi': -61}, {'mac': 'Device 1', 'rssi': -51}]",304
1500,walking 30m,"[{'mac': 'Device 2', 'rssi': -49}]",306
1501,walking 30m,"[{'mac': 'Device 2', 'rssi': -53}]",308
1502,walking 30m,"[{'mac': 'Device 2', 'rssi': -47}]",309
1503,walking 30m,"[{'mac': 'Device 1', 'rssi': -55}]",312
1504,walking 30m,"[{'mac': 'Device 1', 'rssi': -53}, {'mac': 'Device 2', 'rssi': -47}]",314
